,names,nvss_id_simbad,nvss_id_morx,first_id_simbad,first_id_morx,L_nvss,L_nvss_err,L_4xmm_soft,L_4xmm_soft_err,L_4xmm_hard,L_4xmm_hard_err,nu_radio_sed,nu_fnu_radio_sed,nu_fnu_err_radio_sed
0,SDSSJ090652.79+412429.7,NVSS J090652+412429,NVSS J090652.7+412428,FIRST J090652.7+412429,FIRSTJ090652.7+412429,1.3235795872277473e+39,4.104122812249985e+37,,,,,"[2.9100e-15 2.8130e-15 2.9100e-15 2.8130e-15 8.1298e-16 7.5040e-16
 8.1298e-16 7.5040e-16 8.1298e-16 7.5040e-16] erg / (s cm2)","[2.9100e-15 2.8130e-15 2.9100e-15 2.8130e-15 8.1298e-16 7.5040e-16
 8.1298e-16 7.5040e-16 8.1298e-16 7.5040e-16] erg / (s cm2)","[4.3650e-16 4.2195e-16 4.3650e-16 4.2195e-16 4.0649e-17 2.8000e-17
 4.0649e-17 2.8000e-17 4.0649e-17 2.8000e-17] erg / (s cm2)"
1,SDSSJ090734.91+325722.9,NVSS J090734+325722,NVSS J090734.8+325722,FIRST J090734.8+325722,FIRSTJ090734.8+325722,3.9831162753992963e+39,1.2766398318587488e+38,,,,,[5.1016e-16 6.6080e-16 5.1016e-16 6.6080e-16 5.1016e-16 6.6080e-16] erg / (s cm2),[5.1016e-16 6.6080e-16 5.1016e-16 6.6080e-16 5.1016e-16 6.6080e-16] erg / (s cm2),[2.5508e-17 2.1000e-17 2.5508e-17 2.1000e-17 2.5508e-17 2.1000e-17] erg / (s cm2)
2,SDSSJ090937.44+192808.2,NVSS J090937+192807,NVSS J090937.4+192807,FIRST J090937.4+192808,FIRSTJ090937.4+192808,1.8311866805491303e+39,5.581265391172136e+37,,,,,"[8.54700e-15 7.33470e-15 4.46200e-15 4.65600e-15 4.46200e-15 4.65600e-15
 5.56335e-15 9.71600e-16] erg / (s cm2)","[8.54700e-15 7.33470e-15 4.46200e-15 4.65600e-15 4.46200e-15 4.65600e-15
 5.56335e-15 9.71600e-16] erg / (s cm2)","[9.240e-16 7.441e-16 6.693e-16 6.790e-16 6.693e-16 6.790e-16 2.853e-16
 2.940e-17] erg / (s cm2)"
3,SDSSJ091039.92+184147.6,NVSS J091039+184131,NVSS J091039.9+184147,FIRST J091039.9+184147,FIRSTJ091039.9+184147,1.4455937359912117e+39,9.397741568322526e+37,,,,,[2.4250e-15 2.2795e-15 2.4250e-15 2.2795e-15 7.0420e-16] erg / (s cm2),[2.4250e-15 2.2795e-15 2.4250e-15 2.2795e-15 7.0420e-16] erg / (s cm2),[4.36500e-16 3.41925e-16 4.36500e-16 3.41925e-16 2.24000e-17] erg / (s cm2)
4,SDSSJ093003.56+341325.3,NVSS J093003+341324,NVSS J093003.4+341324,FIRST J093003.5+341325,FIRSTJ093003.5+341325,2.0395056720765645e+39,6.819016072674243e+37,,,,,[4.2294e-16 4.6760e-16 4.2294e-16 4.6760e-16 4.2294e-16 4.6760e-16] erg / (s cm2),[4.2294e-16 4.6760e-16 4.2294e-16 4.6760e-16 4.2294e-16 4.6760e-16] erg / (s cm2),[2.1147e-17 1.5400e-17 2.1147e-17 1.5400e-17 2.1147e-17 1.5400e-17] erg / (s cm2)
5,SDSSJ093346.08+100909.0,NVSS J093346+100909,NVSS J093346.1+100909,FIRST J093346.1+100908,FIRSTJ093346.1+100908,2.1949416166696093e+38,6.604249297347448e+36,1.5026165173110748e+40,5.500210761411505e+38,1.5567963340815855e+40,1.801770467120172e+39,"[9.5190e-15 1.1000e-14 4.4000e-15 3.5405e-15 3.3950e-15 3.5405e-15
 3.3950e-15 3.1801e-15 2.6656e-15 7.8400e-16 7.8400e-16 8.2040e-16] erg / (s cm2)","[9.5190e-15 1.1000e-14 4.4000e-15 3.5405e-15 3.3950e-15 3.5405e-15
 3.3950e-15 3.1801e-15 2.6656e-15 7.8400e-16 7.8400e-16 8.2040e-16] erg / (s cm2)","[9.5190e-16 1.1500e-15 9.0000e-16 5.8200e-16 5.0925e-16 5.8200e-16
 5.0925e-16 5.3900e-16 1.1900e-16 2.8000e-17 2.8000e-17 3.0800e-17] erg / (s cm2)"
6,SDSSJ093938.62+385358.6,NVSS J093939+385357,,FIRST J093938.6+385358,FIRSTJ093938.6+385358,4.375996920683786e+38,3.646664100569822e+37,,,,,[8.218e-17 8.820e-17 8.218e-17 8.820e-17 8.218e-17 8.820e-17] erg / (s cm2),[8.218e-17 8.820e-17 8.218e-17 8.820e-17 8.218e-17 8.820e-17] erg / (s cm2),[4.109e-18 7.000e-18 4.109e-18 7.000e-18 4.109e-18 7.000e-18] erg / (s cm2)
7,SDSSJ094319.15+361452.1,NVSS J094319+361452,NVSS J094319.1+361452,FIRST J094319.1+361452,FIRSTJ094319.1+361452,1.2731349850369058e+39,3.9042805398361017e+37,,,,,"[2.92500e-14 2.88000e-14 2.92500e-14 2.88000e-14 4.02550e-15 4.17100e-15
 4.02550e-15 4.17100e-15 1.05560e-15 1.02312e-15 1.05560e-15 1.02312e-15
 1.05560e-15 1.02312e-15] erg / (s cm2)","[2.92500e-14 2.88000e-14 2.92500e-14 2.88000e-14 4.02550e-15 4.17100e-15
 4.02550e-15 4.17100e-15 1.05560e-15 1.02312e-15 1.05560e-15 1.02312e-15
 1.05560e-15 1.02312e-15] erg / (s cm2)","[1.50000e-16 1.50000e-16 1.50000e-16 1.50000e-16 6.03825e-16 5.82000e-16
 6.03825e-16 5.82000e-16 3.22000e-17 5.11560e-17 3.22000e-17 5.11560e-17
 3.22000e-17 5.11560e-17] erg / (s cm2)"
8,SDSSJ103719.33+433515.3,NVSS J103719+433515,NVSS J103719.3+433515,FIRST J103719.3+433515,FIRSTJ103719.3+433515,2.744199259884418e+39,8.315755332983086e+37,,,,,"[1.04853e-15 3.63750e-15 3.49200e-15 3.63750e-15 3.49200e-15 4.11255e-16
 1.19448e-15 1.85500e-15 8.16000e-16 8.43150e-16 3.47300e-16] erg / (s cm2)","[1.04853e-15 3.63750e-15 3.49200e-15 3.63750e-15 3.49200e-15 4.11255e-16
 1.19448e-15 1.85500e-15 8.16000e-16 8.43150e-16 3.47300e-16] erg / (s cm2)","[4.993e-18 4.850e-16 5.238e-16 4.850e-16 5.238e-16 3.330e-18 4.977e-18
 5.600e-17 8.160e-17 6.570e-17 7.550e-17] erg / (s cm2)"
9,SDSSJ105731.16+405646.1,NVSS J105731+405646,NVSS J105731.1+405646,FIRST J105731.1+405646,FIRSTJ105731.1+405646,9.588499806861546e+38,3.009842937443613e+37,,,,,"[7.38076e-16 1.40650e-15 1.40650e-15 1.40650e-15 1.40650e-15 2.63500e-16
 6.31400e-16 6.33500e-16 6.31400e-16 6.33500e-16 6.10400e-16 6.31400e-16
 6.33500e-16 1.13750e-16] erg / (s cm2)","[7.38076e-16 1.40650e-15 1.40650e-15 1.40650e-15 1.40650e-15 2.63500e-16
 6.31400e-16 6.33500e-16 6.31400e-16 6.33500e-16 6.10400e-16 6.31400e-16
 6.33500e-16 1.13750e-16] erg / (s cm2)","[4.98700e-18 2.10975e-16 2.91000e-16 2.10975e-16 2.91000e-16 3.40000e-17
 1.96000e-17 3.16750e-17 1.96000e-17 3.16750e-17 1.96000e-17 1.96000e-17
 3.16750e-17 9.75000e-18] erg / (s cm2)"
10,SDSSJ111113.18+284147.0,NVSS J111113+284147,NVSS J111113.1+284147,FIRST J111113.2+284147,FIRSTJ111113.2+284147,1.1607933721367256e+39,3.68956315018778e+37,1.1006034990274608e+41,8.541290455342092e+39,2.4572511753889977e+42,1.3403528033446731e+41,[5.9640e-16 5.9374e-16 5.9640e-16 5.9374e-16 5.9640e-16 5.9374e-16] erg / (s cm2),[5.9640e-16 5.9374e-16 5.9640e-16 5.9374e-16 5.9640e-16 5.9374e-16] erg / (s cm2),[2.3800e-17 2.9687e-17 2.3800e-17 2.9687e-17 2.3800e-17 2.9687e-17] erg / (s cm2)
11,SDSSJ111622.70+291508.2,NVSS J111622+291507,NVSS J111622.7+291507,FIRST J111622.7+291508,FIRSTJ111622.7+291508,5.1485610082284905e+39,1.5863913814573107e+38,5.955544894869361e+40,7.916988453208224e+39,2.8374411959844113e+40,2.2180339176442407e+40,[9.5186e-16 1.0304e-15 9.5186e-16 1.0304e-15 9.5186e-16 1.0304e-15] erg / (s cm2),[9.5186e-16 1.0304e-15 9.5186e-16 1.0304e-15 9.5186e-16 1.0304e-15] erg / (s cm2),[4.7593e-17 3.7800e-17 4.7593e-17 3.7800e-17 4.7593e-17 3.7800e-17] erg / (s cm2)
12,SDSSJ111700.10+323550.9,NVSS J111700+323550,NVSS J111700.0+323550,FIRST J111700.1+323550,FIRSTJ111700.1+323550,7.333026205475517e+38,2.93321043223793e+37,,,,,[2.4920e-16 2.4276e-16 2.4920e-16 2.4276e-16 2.4920e-16 2.4276e-16] erg / (s cm2),[2.4920e-16 2.4276e-16 2.4920e-16 2.4276e-16 2.4920e-16 2.4276e-16] erg / (s cm2),[9.8000e-18 1.2138e-17 9.8000e-18 1.2138e-17 9.8000e-18 1.2138e-17] erg / (s cm2)
13,SDSSJ112039.95+504938.2,NVSS J112040+504936,NVSS J112040.0+504936,FIRST J112039.9+504938,FIRSTJ112039.9+504938,6.485349614023135e+38,3.1380725185779555e+37,,,,,[1.5520e-15 1.5035e-15 1.5520e-15 1.5035e-15 3.5980e-16] erg / (s cm2),[1.5520e-15 1.5035e-15 1.5520e-15 1.5035e-15 3.5980e-16] erg / (s cm2),[2.91000e-16 2.25525e-16 2.91000e-16 2.25525e-16 1.82000e-17] erg / (s cm2)
14,SDSSJ112256.47+340641.3,NVSS J112256+340641,NVSS J112256.2+340641,FIRST J112256.4+340641,FIRSTJ112256.4+340641,1.0457450231153215e+39,3.8258965780591295e+37,,,,,[2.4920e-16 2.2274e-16 2.4920e-16 2.2274e-16 2.4920e-16 2.2274e-16] erg / (s cm2),[2.4920e-16 2.2274e-16 2.4920e-16 2.2274e-16 2.4920e-16 2.2274e-16] erg / (s cm2),[1.4000e-17 1.1137e-17 1.4000e-17 1.1137e-17 1.4000e-17 1.1137e-17] erg / (s cm2)
15,SDSSJ112727.52+400409.4,NVSS J112727+400409,NVSS J112727.5+400409,FIRST J112727.5+400409,FIRSTJ112727.5+400409,5.641838179896023e+38,2.489046354742293e+37,,,,,[1.9740e-16 1.9278e-16 1.9740e-16 1.9278e-16 1.9740e-16 1.9278e-16] erg / (s cm2),[1.9740e-16 1.9278e-16 1.9740e-16 1.9278e-16 1.9740e-16 1.9278e-16] erg / (s cm2),[8.400e-18 9.639e-18 8.400e-18 9.639e-18 8.400e-18 9.639e-18] erg / (s cm2)
16,SDSSJ113446.55+485721.9,NVSS J113439+485816,NVSS J113446.9+485720,FIRST J113446.5+485722,FIRSTJ113446.5+485722,1.1724910601622205e+40,3.7800122103705824e+38,1.1269026401731218e+41,5.721283059991244e+39,6.735515393737541e+40,2.3409540679073856e+40,"[8.04947000e-15 6.02100000e-15 2.69535600e-15 1.47646800e-15
 1.89000000e-16 1.45592955e-16] erg / (s cm2)","[8.04947000e-15 6.02100000e-15 2.69535600e-15 1.47646800e-15
 1.89000000e-16 1.45592955e-16] erg / (s cm2)","[3.7238000e-16 1.9800000e-16 6.2604000e-17 4.0338000e-17 8.4000000e-18
 2.9567985e-17] erg / (s cm2)"
17,SDSSJ113449.29+490439.4,NVSS J113449+490443,,FIRST J113449.3+490440,FIRSTJ113449.3+490440,1.2372615955088347e+39,4.995155326597065e+37,1.93268193086295e+41,7.015350371804074e+39,4.704080662324723e+40,1.1095640291382806e+40,[7.83730000e-16 6.04890000e-16 6.12846000e-16 1.86472545e-16] erg / (s cm2),[7.83730000e-16 6.04890000e-16 6.12846000e-16 1.86472545e-16] erg / (s cm2),[3.5939000e-16 3.6378000e-17 2.3814000e-17 3.7432485e-17] erg / (s cm2)
18,SDSSJ114232.84+262919.9,NVSS J114232+262920,NVSS J114232.8+262920,FIRST J114232.8+262919,FIRSTJ114232.8+262919,1.322486051807336e+39,4.1129947471016454e+37,1.1049368702962986e+41,4.353789836115898e+39,7.573112872836069e+40,2.865979207481699e+40,[2.7645e-15 2.8615e-15 2.7645e-15 2.8615e-15 1.2614e-15 5.9220e-16] erg / (s cm2),[2.7645e-15 2.8615e-15 2.7645e-15 2.8615e-15 1.2614e-15 5.9220e-16] erg / (s cm2),[4.14675e-16 4.36500e-16 4.14675e-16 4.36500e-16 9.52000e-17 1.96000e-17] erg / (s cm2)
19,SDSSJ114804.60+372638.0,NVSS J114804+372637,NVSS J114804.5+372637,FIRST J114804.5+372637,FIRSTJ114804.5+372637,1.76358395130828e+39,6.102366613523461e+37,,,,,[4.256e-16 3.920e-16 4.256e-16 3.920e-16 4.256e-16 3.920e-16] erg / (s cm2),[4.256e-16 3.920e-16 4.256e-16 3.920e-16 4.256e-16 3.920e-16] erg / (s cm2),[1.82e-17 1.96e-17 1.82e-17 1.96e-17 1.82e-17 1.96e-17] erg / (s cm2)
20,SDSSJ120551.46+203119.0,NVSS J120551+203118,NVSS J120551.5+203118,FIRST J120551.4+203119,FIRSTJ120551.4+203119,1.7304581435109528e+39,5.208736978811869e+37,,,,,[2.6190e-15 3.1040e-15 2.6190e-15 3.1040e-15 1.2628e-15] erg / (s cm2),[2.6190e-15 3.1040e-15 2.6190e-15 3.1040e-15 1.2628e-15] erg / (s cm2),[4.365e-16 4.656e-16 4.365e-16 4.656e-16 3.780e-17] erg / (s cm2)
21,SDSSJ120607.81+400902.6,NVSS J120607+400902,NVSS J120607.8+400902,FIRST J120607.8+400902,FIRSTJ120607.8+400902,4.572046937908804e+38,2.431939860589789e+37,,,,,[1.2404e-16 1.3720e-16 1.2404e-16 1.3720e-16 1.2404e-16 1.3720e-16] erg / (s cm2),[1.2404e-16 1.3720e-16 1.2404e-16 1.3720e-16 1.2404e-16 1.3720e-16] erg / (s cm2),[6.202e-18 8.400e-18 6.202e-18 8.400e-18 6.202e-18 8.400e-18] erg / (s cm2)
22,SDSSJ121329.27+504429.4,NVSS J121329+504430,NVSS J121329.2+504430,FIRST J121329.2+504429,FIRSTJ121329.2+504429,3.1378729562134574e+39,9.449461964973949e+37,,,,,"[4.1225000e-15 4.2680000e-15 4.1225000e-15 4.2680000e-15 1.3552000e-15
 3.1776309e-16] erg / (s cm2)","[4.1225000e-15 4.2680000e-15 4.1225000e-15 4.2680000e-15 1.3552000e-15
 3.1776309e-16] erg / (s cm2)",[6.18375e-16 5.33500e-16 6.18375e-16 5.33500e-16 4.06000e-17 6.37704e-17] erg / (s cm2)
23,SDSSJ123011.85+470022.7,NVSS J123011+470023,NVSS J123011.8+470022,FIRST J123011.8+470022,FIRSTJ123011.8+470022,4.9881387064038564e+39,1.492178220093783e+38,,,,,"[3.104000e-15 3.201000e-15 3.104000e-15 3.201000e-15 1.317400e-15
 5.712000e-16 1.798869e-16] erg / (s cm2)","[3.104000e-15 3.201000e-15 3.104000e-15 3.201000e-15 1.317400e-15
 5.712000e-16 1.798869e-16] erg / (s cm2)","[4.6560000e-16 4.3650000e-16 4.6560000e-16 4.3650000e-16 4.0600000e-17
 8.1600000e-17 3.6047415e-17] erg / (s cm2)"
24,SDSSJ124318.73+033300.6,NVSS J124318+033300,NVSS J124318.8+033300,FIRST J124318.7+033300,FIRSTJ124318.7+033300,5.0741815274745284e+39,1.5230560475866808e+38,,,,,[8.4400e-16 1.2040e-15 7.7600e-16 8.9320e-16 1.3213e-15] erg / (s cm2),[8.4400e-16 1.2040e-15 7.7600e-16 8.9320e-16 1.3213e-15] erg / (s cm2),[2.1100e-16 2.5800e-16 9.7000e-17 2.8000e-17 2.0805e-16] erg / (s cm2)
25,SDSSJ124633.75+115347.8,NVSS B124402+121009,NVSS J124633.7+115347,FIRST J124633.7+115348,FIRSTJ124633.7+115348,,,,,,,[2.110e-15 1.978e-15 1.164e-15 8.610e-16] erg / (s cm2),[2.110e-15 1.978e-15 1.164e-15 8.610e-16] erg / (s cm2),[4.22e-16 3.44e-16 9.70e-17 2.66e-17] erg / (s cm2)
26,SDSSJ130837.91+434415.1,NVSS J130837+434415,NVSS J130837.9+434415,FIRST J130837.8+434415,FIRSTJ130837.8+434415,2.589217272864641e+39,8.007888260640639e+37,,,,,[2.328e-15 2.231e-15 2.328e-15 2.231e-15 8.218e-16] erg / (s cm2),[2.328e-15 2.231e-15 2.328e-15 2.231e-15 8.218e-16] erg / (s cm2),[3.8800e-16 3.3465e-16 3.8800e-16 3.3465e-16 2.5200e-17] erg / (s cm2)
27,SDSSJ133042.51+323249.0,NVSS J133042+323248,NVSS J133042.5+323247,FIRST J133042.5+323249,FIRSTJ133042.5+323249,6.99051530818976e+38,2.76461052677932e+37,,,,,"[2.339400e-16 2.548000e-16 2.339400e-16 2.548000e-16 2.339400e-16
 2.548000e-16 2.537028e-17 2.366056e-17 2.123968e-17 2.178750e-17
 2.085464e-17 2.042952e-17 1.892800e-17] erg / (s cm2)","[2.339400e-16 2.548000e-16 2.339400e-16 2.548000e-16 2.339400e-16
 2.548000e-16 2.537028e-17 2.366056e-17 2.123968e-17 2.178750e-17
 2.085464e-17 2.042952e-17 1.892800e-17] erg / (s cm2)","[1.1697e-17 9.8000e-18 1.1697e-17 9.8000e-18 1.1697e-17 9.8000e-18
 8.7204e-19 7.9695e-19 8.1466e-19 3.8850e-19 7.5336e-19 7.5210e-19
 8.8660e-19] erg / (s cm2)"
28,SDSSJ134159.72+294653.5,NVSS J134159+294655,NVSS J134159.7+294655,FIRST J134159.7+294653,FIRSTJ134159.7+294653,7.299078551976403e+38,3.5432420155225253e+37,,,,,"[1.342600e-16 1.484000e-16 1.342600e-16 1.484000e-16 1.342600e-16
 1.484000e-16 2.059265e-17 2.684031e-17 1.434356e-17 2.118600e-17
 3.262662e-17 1.796208e-17 1.457560e-17] erg / (s cm2)","[1.342600e-16 1.484000e-16 1.342600e-16 1.484000e-16 1.342600e-16
 1.484000e-16 2.059265e-17 2.684031e-17 1.434356e-17 2.118600e-17
 3.262662e-17 1.796208e-17 1.457560e-17] erg / (s cm2)","[6.71300e-18 8.40000e-18 6.71300e-18 8.40000e-18 6.71300e-18 8.40000e-18
 3.27860e-18 2.67099e-18 1.98968e-18 8.94000e-19 1.47898e-18 1.66842e-18
 1.09590e-18] erg / (s cm2)"
29,SDSSJ135036.01+334217.3,NVSS J135036+334218,NVSS J135036.0+334218,FIRST J135036.0+334217,FIRSTJ135036.0+334217,6.98735717942958e+38,2.1425130158126e+37,,,,,"[4.36500e-15 3.68600e-15 4.36500e-15 3.68600e-15 2.47520e-15 1.35394e-15
 1.42240e-15 1.35394e-15 1.42240e-15 1.35394e-15 1.42240e-15 1.28845e-15] erg / (s cm2)","[4.36500e-15 3.68600e-15 4.36500e-15 3.68600e-15 2.47520e-15 1.35394e-15
 1.42240e-15 1.35394e-15 1.42240e-15 1.35394e-15 1.42240e-15 1.28845e-15] erg / (s cm2)","[6.5475e-16 5.3350e-16 6.5475e-16 5.3350e-16 1.1900e-16 6.7697e-17
 4.3400e-17 6.7697e-17 4.3400e-17 6.7697e-17 4.3400e-17 1.2045e-16] erg / (s cm2)"
30,SDSSJ140528.32+304602.0,NVSS J140528+304603,NVSS J140528.2+304603,FIRST J140528.3+304602,FIRSTJ140528.3+304602,1.5266307001058302e+38,1.0601602084068265e+37,,,,,"[1.092e-16 1.078e-16 1.092e-16 1.078e-16 1.092e-16 1.078e-16 1.092e-16
 1.008e-16] erg / (s cm2)","[1.092e-16 1.078e-16 1.092e-16 1.078e-16 1.092e-16 1.078e-16 1.092e-16
 1.008e-16] erg / (s cm2)",[5.46e-18 7.00e-18 5.46e-18 7.00e-18 5.46e-18 7.00e-18 1.96e-18 7.00e-18] erg / (s cm2)
31,SDSSJ152151.85+074231.7,,,FIRST J152151.8+074231,FIRSTJ152151.8+074231,,,3.823655257450385e+41,1.1428338932544901e+40,2.4152894215144983e+41,2.8189618772072903e+40,"[5.25000e-15 5.10000e-15 5.10000e-15 6.48605e-15 2.13600e-14 2.01140e-14
 2.13600e-14 2.01140e-14 5.82000e-14 4.52200e-14 5.73340e-14 6.49000e-14] erg / (s cm2)","[5.25000e-15 5.10000e-15 5.10000e-15 6.48605e-15 2.13600e-14 2.01140e-14
 2.13600e-14 2.01140e-14 5.82000e-14 4.52200e-14 5.73340e-14 6.49000e-14] erg / (s cm2)","[1.8375e-15 6.0000e-16 6.0000e-16 2.6645e-16 1.7088e-15 2.0114e-15
 1.7088e-15 2.0114e-15 3.6000e-15 6.7830e-15 4.4710e-15 5.5000e-15] erg / (s cm2)"
32,SDSSJ153016.15+270551.0,NVSS J153016+270551,NVSS J153016.2+270551,FIRST J153016.1+270551,FIRSTJ153016.1+270551,4.8624365575896175e+38,2.193580489085182e+37,,,,,[3.7345e-15 3.8800e-15 3.7345e-15 3.8800e-15 2.0160e-16] erg / (s cm2),[3.7345e-15 3.8800e-15 3.7345e-15 3.8800e-15 2.0160e-16] erg / (s cm2),[5.60175e-16 5.82000e-16 5.60175e-16 5.82000e-16 1.26000e-17] erg / (s cm2)
33,SDSSJ155951.61+255626.3,NVSS J155949+255631,,FIRST J155949.5+255632,,1.0926275093693663e+40,3.78459823912486e+38,,,,,[3.68600e-15 3.49200e-15 3.68600e-15 3.49200e-15 1.00368e-15 9.08850e-16] erg / (s cm2),[3.68600e-15 3.49200e-15 3.68600e-15 3.49200e-15 1.00368e-15 9.08850e-16] erg / (s cm2),[5.335e-16 5.238e-16 5.335e-16 5.238e-16 3.060e-16 1.095e-16] erg / (s cm2)
34,SDSSJ160616.02+181459.8,NVSS J160616+181459,NVSS J160616.0+181459,FIRST J160616.0+181459,FIRSTJ160616.0+181459,1.0550721009554061e+40,3.1699474776512054e+38,,,,,"[3.74000e-14 1.33000e-14 1.32405e-14 1.34830e-14 1.32405e-14 1.34830e-14
 3.12760e-15 5.88000e-15] erg / (s cm2)","[3.74000e-14 1.33000e-14 1.32405e-14 1.34830e-14 1.32405e-14 1.34830e-14
 3.12760e-15 5.88000e-15] erg / (s cm2)","[4.400000e-15 1.300000e-15 1.986075e-15 1.843000e-15 1.986075e-15
 1.843000e-15 9.380000e-17 1.400000e-16] erg / (s cm2)"
35,SDSSJ161238.84+293836.9,NVSS J161238+293837,NVSS J161238.8+293836,FIRST J161238.8+293836,FIRSTJ161238.8+293836,9.658571239354469e+38,3.1958506930664477e+37,5.923108666976104e+40,5.248769812116305e+39,3.569813510122325e+41,5.936934293340555e+40,[1.358e-15 3.878e-16 3.052e-16 3.878e-16 3.052e-16 3.878e-16 3.052e-16] erg / (s cm2),[1.358e-15 3.878e-16 3.052e-16 3.878e-16 3.052e-16 3.878e-16 3.052e-16] erg / (s cm2),[2.910e-16 1.400e-17 1.526e-17 1.400e-17 1.526e-17 1.400e-17 1.526e-17] erg / (s cm2)
36,SDSSJ162549.96+402919.4,NVSS J162549+402921,NVSS J162549.9+402920,FIRST J162550.0+402918,FIRSTJ162550.0+402918,9.273848714157175e+38,3.803155484603395e+37,,,,,"[2.5705e-15 2.4735e-15 2.5705e-15 2.4735e-15 3.5658e-16 4.5360e-16
 3.5658e-16 4.5360e-16 3.5658e-16 4.5360e-16 5.7120e-16] erg / (s cm2)","[2.5705e-15 2.4735e-15 2.5705e-15 2.4735e-15 3.5658e-16 4.5360e-16
 3.5658e-16 4.5360e-16 3.5658e-16 4.5360e-16 5.7120e-16] erg / (s cm2)","[3.88000e-16 3.71025e-16 3.88000e-16 3.71025e-16 1.78290e-17 1.96000e-17
 1.78290e-17 1.96000e-17 1.78290e-17 1.96000e-17 8.16000e-17] erg / (s cm2)"
37,SDSSJ164925.86+360321.3,NVSS J164926+360321,NVSS J164926.2+360321,FIRST J164925.9+360321,FIRSTJ164925.9+360321,3.9758671962030726e+38,1.7137358604323588e+37,,,,,[1.2012e-16 1.8340e-16 1.2012e-16 1.8340e-16 1.2012e-16 1.8340e-16] erg / (s cm2),[1.2012e-16 1.8340e-16 1.2012e-16 1.8340e-16 1.2012e-16 1.8340e-16] erg / (s cm2),[6.006e-18 1.260e-17 6.006e-18 1.260e-17 6.006e-18 1.260e-17] erg / (s cm2)
38,SDSSJ171522.97+572440.2,NVSS J171522+572440,NVSS J171522.9+572440,FIRST J171522.9+572440,FIRSTJ171522.9+572440,1.455559495923679e+39,4.59650354957217e+37,5.1329758420930514e+42,1.4431221525493558e+40,2.3033462939046993e+42,3.063935656747243e+40,[1.8430e-15 1.8915e-15 1.8430e-15 1.8915e-15 8.0500e-16] erg / (s cm2),[1.8430e-15 1.8915e-15 1.8430e-15 1.8915e-15 8.0500e-16] erg / (s cm2),[2.7645e-16 2.9100e-16 2.7645e-16 2.9100e-16 2.5200e-17] erg / (s cm2)
39,SDSSJ172215.41+304239.8,NVSS J172215+304238,NVSS J172215.3+304238,FIRST J172215.4+304239,FIRSTJ172215.4+304239,5.881450191365103e+38,3.770160379080194e+37,,,,,[1.302e-16 7.154e-17 1.302e-16 7.154e-17 1.302e-16 7.154e-17] erg / (s cm2),[1.302e-16 7.154e-17 1.302e-16 7.154e-17 1.302e-16 7.154e-17] erg / (s cm2),[1.400e-17 3.577e-18 1.400e-17 3.577e-18 1.400e-17 3.577e-18] erg / (s cm2)
